Data;Receitas;Despesas;Categoria;Região;Cliente_Chave
2023-01-01;46905;20662;Serviços;Nordeste;Não
2023-01-02;12296;5636;Marketing;Nordeste;Não
2023-01-03;6639;14481;Investimentos;Nordeste;Sim
2023-01-04;23024;33834;Investimentos;Sul;Sim
2023-01-05;21049;37010;Operacional;Norte;Não
2023-01-06;19628;31981;Vendas;Sudeste;Sim
2023-01-07;14144;21229;Investimentos;Norte;Sim
2023-01-08;11717;14894;Investimentos;Nordeste;Não
2023-01-09;49348;31566;Serviços;Nordeste;Não
2023-01-10;40741;35225;Vendas;Nordeste;Não
2023-01-11;10697;8979;Marketing;Sudeste;Não
2023-01-12;43698;33802;Serviços;Centro-Oeste;Sim
2023-01-13;32651;25803;Marketing;Centro-Oeste;Sim
2023-01-14;7082;29761;Serviços;Norte;Não
2023-01-15;6952;24843;Serviços;Centro-Oeste;Não
2023-01-16;11140;24040;Operacional;Sudeste;Não
2023-01-17;19328;9855;Investimentos;Norte;Não
2023-01-18;20247;13539;Vendas;Centro-Oeste;Não
2023-01-19;38118;24614;Serviços;Norte;Não
2023-01-20;44453;29977;Vendas;Nordeste;Não
2023-01-21;6739;35471;Investimentos;Sudeste;Não
2023-01-22;41781;21888;Vendas;Sudeste;Não
2023-01-23;18031;29244;Vendas;Nordeste;Não
2023-01-24;47590;39051;Marketing;Nordeste;Não
2023-01-25;40713;5404;Marketing;Sul;Não
2023-01-26;32493;32807;Investimentos;Sul;Não
2023-01-27;19446;8771;Marketing;Centro-Oeste;Não
2023-01-28;34439;23612;Marketing;Centro-Oeste;Não
2023-01-29;43618;19541;Marketing;Sul;Sim
2023-01-30;23231;24186;Marketing;Centro-Oeste;Não
2023-01-31;5425;10597;Operacional;Norte;Não
2023-02-01;15463;29488;Vendas;Norte;Não
2023-02-02;32696;36724;Vendas;Norte;Não
2023-02-03;27298;3075;Marketing;Sudeste;Não
2023-02-04;23210;38559;Investimentos;Sudeste;Sim
2023-02-05;15189;33276;Marketing;Norte;Não
2023-02-06;19110;30082;Investimentos;Nordeste;Não
2023-02-07;27059;6552;Vendas;Centro-Oeste;Não
2023-02-08;11698;15293;Serviços;Sul;Não
2023-02-09;11078;36976;Investimentos;Sul;Não
2023-02-10;29898;26709;Serviços;Sul;Não
2023-02-11;11338;35669;Investimentos;Nordeste;Não
2023-02-12;28526;31969;Vendas;Centro-Oeste;Não
2023-02-13;27541;6382;Serviços;Sudeste;Não
2023-02-14;44565;16340;Investimentos;Nordeste;Não
2023-02-15;22335;20501;Marketing;Nordeste;Não
2023-02-16;7847;38993;Operacional;Sudeste;Sim
2023-02-17;35108;11586;Serviços;Norte;Não
2023-02-18;40142;21876;Vendas;Sul;Sim
2023-02-19;13180;31712;Vendas;Norte;Não
2023-02-20;29807;34766;Vendas;Sul;Não
2023-02-21;10164;10957;Serviços;Sul;Sim
2023-02-22;41178;4891;Serviços;Norte;Não
2023-02-23;24213;18682;Investimentos;Norte;Não
2023-02-24;46198;13379;Vendas;Norte;Sim
2023-02-25;45535;23365;Vendas;Norte;Sim
2023-02-26;28700;39099;Investimentos;Centro-Oeste;Não
2023-02-27;42837;3896;Serviços;Nordeste;Não
2023-02-28;17601;39192;Serviços;Centro-Oeste;Sim
2023-03-01;9558;29738;Serviços;Sudeste;Não
2023-03-02;8003;9108;Investimentos;Nordeste;Sim
2023-03-03;48336;17725;Investimentos;Nordeste;Não
2023-03-04;19935;10435;Marketing;Sul;Não
2023-03-05;23965;33241;Operacional;Sudeste;Sim
2023-03-06;10229;10698;Operacional;Sul;Não
2023-03-07;20256;13090;Vendas;Norte;Não
2023-03-08;11619;35661;Vendas;Sudeste;Não
2023-03-09;29911;22127;Serviços;Nordeste;Não
2023-03-10;23217;36349;Marketing;Centro-Oeste;Não
2023-03-11;34714;20919;Investimentos;Centro-Oeste;Não
2023-03-12;46660;30229;Serviços;Nordeste;Não
2023-03-13;28909;34621;Vendas;Sudeste;Não
2023-03-14;15659;33947;Operacional;Sul;Sim
2023-03-15;29260;18973;Investimentos;Centro-Oeste;Não
2023-03-16;28283;32935;Vendas;Centro-Oeste;Não
2023-03-17;18730;39127;Vendas;Norte;Não
2023-03-18;48920;12479;Operacional;Sudeste;Não
2023-03-19;22496;28138;Marketing;Norte;Não
2023-03-20;49796;15491;Investimentos;Norte;Sim
2023-03-21;47469;36308;Vendas;Sul;Não
2023-03-22;9679;11946;Marketing;Sudeste;Não
2023-03-23;44920;7575;Vendas;Sul;Não
2023-03-24;46613;21104;Marketing;Norte;Não
2023-03-25;16215;30193;Serviços;Sul;Não
2023-03-26;40005;25274;Serviços;Norte;Não
2023-03-27;21043;36275;Operacional;Sudeste;Não
2023-03-28;15708;20509;Marketing;Norte;Não
2023-03-29;35294;3168;Investimentos;Norte;Não
2023-03-30;29867;21536;Investimentos;Nordeste;Não
2023-03-31;22691;22566;Investimentos;Sudeste;Não
2023-04-01;46943;35089;Investimentos;Norte;Não
2023-04-02;41500;12738;Investimentos;Sudeste;Não
2023-04-03;19392;32264;Investimentos;Norte;Sim
2023-04-04;49866;38296;Vendas;Sudeste;Não
2023-04-05;26252;34741;Serviços;Sul;Não
2023-04-06;8665;25618;Vendas;Sul;Não
2023-04-07;20010;24786;Investimentos;Nordeste;Não
2023-04-08;7103;39170;Serviços;Nordeste;Não
2023-04-09;25673;38614;Marketing;Sudeste;Sim
2023-04-10;31290;27720;Marketing;Nordeste;Não
2023-04-11;22546;32841;Operacional;Sudeste;Não
2023-04-12;9337;24088;Investimentos;Centro-Oeste;Não
2023-04-13;18826;15363;Serviços;Norte;Sim
2023-04-14;42170;18650;Operacional;Sul;Não
2023-04-15;25622;28098;Marketing;Norte;Não
2023-04-16;18934;18306;Investimentos;Nordeste;Sim
2023-04-17;47954;29920;Serviços;Centro-Oeste;Não
2023-04-18;37717;5860;Vendas;Norte;Não
2023-04-19;30928;23852;Investimentos;Centro-Oeste;Não
2023-04-20;47129;33996;Investimentos;Sudeste;Não
2023-04-21;35071;27984;Operacional;Sudeste;Não
2023-04-22;14363;28302;Operacional;Sul;Não
2023-04-23;22359;12968;Serviços;Nordeste;Não
2023-04-24;14150;35461;Marketing;Norte;Não
2023-04-25;21162;5426;Serviços;Centro-Oeste;Sim
2023-04-26;41789;11273;Investimentos;Nordeste;Sim
2023-04-27;40322;35918;Operacional;Nordeste;Não
2023-04-28;22219;24757;Vendas;Sul;Não
2023-04-29;43311;9577;Investimentos;Sul;Não
2023-04-30;33077;31855;Investimentos;Nordeste;Não
2023-05-01;43242;9534;Investimentos;Nordeste;Não
2023-05-02;31175;37468;Serviços;Sudeste;Não
2023-05-03;28723;32945;Investimentos;Sudeste;Não
2023-05-04;19373;4005;Operacional;Sul;Não
2023-05-05;14065;12447;Investimentos;Sul;Não
2023-05-06;38392;29868;Marketing;Centro-Oeste;Não
2023-05-07;37343;13116;Operacional;Sul;Não
2023-05-08;10957;7903;Operacional;Norte;Não
2023-05-09;8087;33768;Investimentos;Sudeste;Não
2023-05-10;12185;20368;Investimentos;Norte;Não
2023-05-11;15016;25187;Marketing;Centro-Oeste;Não
2023-05-12;46120;29049;Investimentos;Sul;Sim
2023-05-13;15484;8263;Serviços;Sul;Não
2023-05-14;49596;24532;Marketing;Norte;Sim
2023-05-15;32666;37971;Investimentos;Nordeste;Não
2023-05-16;44086;27904;Investimentos;Sul;Sim
2023-05-17;9163;23752;Investimentos;Nordeste;Sim
2023-05-18;30216;34978;Operacional;Sul;Sim
2023-05-19;30009;38456;Marketing;Nordeste;Não
2023-05-20;44052;5352;Operacional;Nordeste;Sim
2023-05-21;35674;7484;Marketing;Sudeste;Não
2023-05-22;39676;18385;Serviços;Centro-Oeste;Não
2023-05-23;21476;21833;Investimentos;Sudeste;Não
2023-05-24;41256;17908;Marketing;Sudeste;Não
2023-05-25;5752;8923;Serviços;Norte;Não
2023-05-26;49583;31440;Serviços;Nordeste;Não
2023-05-27;12507;9451;Marketing;Norte;Não
2023-05-28;49676;9586;Marketing;Nordeste;Sim
2023-05-29;40190;32076;Operacional;Sudeste;Sim
2023-05-30;22486;13902;Operacional;Centro-Oeste;Não
2023-05-31;47006;22625;Operacional;Sudeste;Sim
2023-06-01;27293;4897;Investimentos;Centro-Oeste;Não
2023-06-02;12310;6014;Investimentos;Sul;Sim
2023-06-03;24234;24258;Investimentos;Centro-Oeste;Não
2023-06-04;33492;6677;Marketing;Centro-Oeste;Não
2023-06-05;15365;22226;Operacional;Sul;Não
2023-06-06;34735;26492;Serviços;Nordeste;Não
2023-06-07;5212;27565;Investimentos;Centro-Oeste;Não
2023-06-08;22261;31225;Investimentos;Norte;Não
2023-06-09;37806;12540;Marketing;Sul;Não
2023-06-10;16708;19003;Serviços;Norte;Não
2023-06-11;38271;37810;Serviços;Nordeste;Não
2023-06-12;11973;30004;Operacional;Sudeste;Não
2023-06-13;45979;14800;Vendas;Sudeste;Sim
2023-06-14;24558;14140;Vendas;Nordeste;Sim
2023-06-15;46874;14473;Marketing;Sudeste;Não
2023-06-16;38270;8175;Vendas;Nordeste;Não
2023-06-17;44909;28070;Marketing;Centro-Oeste;Não
2023-06-18;18035;18783;Operacional;Nordeste;Não
2023-06-19;15016;35615;Operacional;Sudeste;Não
2023-06-20;29504;12379;Serviços;Norte;Não
2023-06-21;15587;18216;Marketing;Sul;Não
2023-06-22;40348;33221;Serviços;Norte;Não
2023-06-23;39757;19644;Investimentos;Norte;Não
2023-06-24;5037;33118;Serviços;Centro-Oeste;Não
2023-06-25;44252;19733;Vendas;Nordeste;Não
2023-06-26;26243;3615;Operacional;Norte;Não
2023-06-27;37021;33490;Serviços;Nordeste;Sim
2023-06-28;6276;21850;Vendas;Sul;Não
2023-06-29;12331;38821;Marketing;Centro-Oeste;Sim
2023-06-30;28788;13353;Serviços;Centro-Oeste;Sim
2023-07-01;25153;7840;Serviços;Sudeste;Não
2023-07-02;20692;31949;Vendas;Norte;Não
2023-07-03;8796;25646;Serviços;Sudeste;Não
2023-07-04;20785;22605;Investimentos;Nordeste;Sim
2023-07-05;42182;30807;Operacional;Sul;Não
2023-07-06;10161;19390;Vendas;Sul;Não
2023-07-07;10613;32939;Marketing;Nordeste;Não
2023-07-08;36849;22799;Marketing;Sudeste;Não
2023-07-09;9535;16055;Vendas;Norte;Não
2023-07-10;39911;28211;Operacional;Sul;Não
2023-07-11;13241;34667;Marketing;Sudeste;Sim
2023-07-12;13414;9989;Investimentos;Nordeste;Sim
2023-07-13;48237;18545;Operacional;Norte;Não
2023-07-14;36148;27993;Operacional;Nordeste;Não
2023-07-15;41031;26524;Serviços;Sudeste;Sim
2023-07-16;15821;22390;Serviços;Norte;Não
2023-07-17;22370;22348;Vendas;Sudeste;Não
2023-07-18;39581;4437;Operacional;Sudeste;Sim
2023-07-19;44753;28939;Operacional;Centro-Oeste;Não
2023-07-20;32730;20988;Serviços;Centro-Oeste;Não
2023-07-21;18880;3530;Operacional;Norte;Não
2023-07-22;40343;6214;Marketing;Norte;Não
2023-07-23;18182;35553;Vendas;Sul;Sim
2023-07-24;25428;21756;Marketing;Norte;Não
2023-07-25;31148;18081;Investimentos;Norte;Não
2023-07-26;49019;26089;Marketing;Sul;Sim
2023-07-27;47590;17352;Marketing;Nordeste;Não
2023-07-28;29472;15460;Vendas;Norte;Não
2023-07-29;33711;19425;Marketing;Centro-Oeste;Não
2023-07-30;38919;11963;Operacional;Sul;Não
2023-07-31;34588;9367;Vendas;Sudeste;Não
2023-08-01;12930;5583;Operacional;Norte;Não
2023-08-02;21246;23246;Marketing;Centro-Oeste;Sim
2023-08-03;19725;31889;Serviços;Sudeste;Sim
2023-08-04;9196;5186;Vendas;Norte;Não
2023-08-05;27156;26911;Serviços;Sudeste;Não
2023-08-06;6378;11612;Operacional;Norte;Não
2023-08-07;43555;8906;Marketing;Sul;Não
2023-08-08;41301;22340;Serviços;Sudeste;Sim
2023-08-09;20080;24411;Investimentos;Norte;Não
2023-08-10;43564;30230;Operacional;Sudeste;Não
2023-08-11;19432;14510;Investimentos;Sudeste;Não
2023-08-12;5471;16159;Marketing;Norte;Sim
2023-08-13;9652;11661;Vendas;Sudeste;Não
2023-08-14;46359;38350;Investimentos;Norte;Não
2023-08-15;8858;26976;Serviços;Sudeste;Não
2023-08-16;20003;37789;Marketing;Centro-Oeste;Não
2023-08-17;9417;35885;Serviços;Sul;Não
2023-08-18;7058;20860;Operacional;Centro-Oeste;Não
2023-08-19;26654;13783;Operacional;Nordeste;Não
2023-08-20;9643;19840;Operacional;Centro-Oeste;Não
2023-08-21;38695;34578;Vendas;Nordeste;Não
2023-08-22;20597;22342;Serviços;Sudeste;Não
2023-08-23;23250;25198;Serviços;Nordeste;Não
2023-08-24;48842;10547;Operacional;Centro-Oeste;Não
2023-08-25;36812;33692;Vendas;Norte;Sim
2023-08-26;19040;7934;Operacional;Sul;Não
2023-08-27;40339;12224;Operacional;Sul;Sim
2023-08-28;13671;17785;Investimentos;Sul;Não
2023-08-29;42423;29044;Investimentos;Centro-Oeste;Não
2023-08-30;42762;39524;Serviços;Sudeste;Não
2023-08-31;35976;26971;Investimentos;Centro-Oeste;Sim
2023-09-01;20925;8918;Vendas;Norte;Não
2023-09-02;35996;28858;Marketing;Nordeste;Não
2023-09-03;31677;3912;Investimentos;Centro-Oeste;Não
2023-09-04;17478;20331;Marketing;Sul;Não
2023-09-05;11181;38164;Vendas;Sul;Não
2023-09-06;11352;11099;Serviços;Nordeste;Não
2023-09-07;48187;32804;Investimentos;Sudeste;Não
2023-09-08;33249;27155;Serviços;Centro-Oeste;Não
2023-09-09;28219;20181;Serviços;Norte;Não
2023-09-10;32759;27970;Investimentos;Nordeste;Não
2023-09-11;31941;27344;Investimentos;Sul;Sim
2023-09-12;35606;10100;Serviços;Centro-Oeste;Não
2023-09-13;8550;18323;Serviços;Sul;Não
2023-09-14;49129;33898;Serviços;Nordeste;Não
2023-09-15;47824;4640;Operacional;Centro-Oeste;Não
2023-09-16;47348;39792;Investimentos;Nordeste;Sim
2023-09-17;11449;24496;Vendas;Nordeste;Não
2023-09-18;8972;17507;Operacional;Norte;Não
2023-09-19;31386;7142;Marketing;Centro-Oeste;Não
2023-09-20;27236;33426;Marketing;Norte;Não
2023-09-21;12161;22804;Operacional;Sudeste;Sim
2023-09-22;21295;29758;Operacional;Nordeste;Não
2023-09-23;17556;10646;Operacional;Sudeste;Sim
2023-09-24;17465;12160;Marketing;Centro-Oeste;Não
2023-09-25;40146;5971;Serviços;Nordeste;Sim
2023-09-26;34400;5438;Serviços;Centro-Oeste;Não
2023-09-27;14186;22946;Marketing;Nordeste;Não
2023-09-28;32648;35284;Investimentos;Norte;Não
2023-09-29;17025;10610;Investimentos;Nordeste;Não
2023-09-30;23254;9369;Marketing;Nordeste;Não
2023-10-01;35318;18387;Serviços;Centro-Oeste;Sim
2023-10-02;21371;38228;Operacional;Sul;Sim
2023-10-03;9940;11890;Marketing;Sul;Não
2023-10-04;34041;28470;Operacional;Sul;Não
2023-10-05;41066;32729;Marketing;Sudeste;Não
2023-10-06;11416;27314;Marketing;Centro-Oeste;Sim
2023-10-07;8315;38402;Operacional;Sudeste;Não
2023-10-08;47738;30467;Operacional;Nordeste;Não
2023-10-09;40427;13126;Investimentos;Sudeste;Sim
2023-10-10;5967;30189;Operacional;Sudeste;Não
2023-10-11;11112;9489;Investimentos;Norte;Não
2023-10-12;20491;35069;Investimentos;Nordeste;Não
2023-10-13;15899;29746;Serviços;Nordeste;Não
2023-10-14;31634;21333;Marketing;Sul;Não
2023-10-15;36826;5144;Vendas;Nordeste;Não
2023-10-16;36546;27283;Marketing;Centro-Oeste;Não
2023-10-17;19008;17238;Marketing;Sul;Não
2023-10-18;31282;32057;Serviços;Nordeste;Não
2023-10-19;8842;32143;Investimentos;Centro-Oeste;Não
2023-10-20;15789;18473;Vendas;Norte;Sim
2023-10-21;29836;26768;Marketing;Sudeste;Não
2023-10-22;5141;9511;Investimentos;Sudeste;Sim
2023-10-23;30586;27073;Operacional;Sudeste;Não
2023-10-24;22380;38682;Operacional;Sudeste;Não
2023-10-25;34819;26506;Investimentos;Centro-Oeste;Não
2023-10-26;23694;6968;Marketing;Norte;Não
2023-10-27;32722;29092;Investimentos;Norte;Não
2023-10-28;41422;21080;Vendas;Norte;Não
2023-10-29;48376;15439;Vendas;Sul;Não
2023-10-30;36894;11005;Investimentos;Norte;Não
2023-10-31;15144;32800;Investimentos;Centro-Oeste;Não
2023-11-01;17445;9007;Investimentos;Nordeste;Não
2023-11-02;24445;16900;Operacional;Sul;Sim
2023-11-03;19267;4399;Serviços;Sudeste;Não
2023-11-04;8832;6314;Vendas;Nordeste;Não
2023-11-05;42957;24856;Serviços;Norte;Não
2023-11-06;40533;18962;Vendas;Sudeste;Não
2023-11-07;8994;11252;Serviços;Sudeste;Não
2023-11-08;25552;40000;Vendas;Norte;Não
2023-11-09;8746;16448;Investimentos;Norte;Não
2023-11-10;8286;7496;Operacional;Sul;Não
2023-11-11;43284;39320;Investimentos;Norte;Sim
2023-11-12;36246;16576;Vendas;Norte;Não
2023-11-13;37954;17152;Marketing;Centro-Oeste;Não
2023-11-14;39807;18269;Marketing;Nordeste;Não
2023-11-15;15317;24532;Investimentos;Norte;Não
2023-11-16;8727;12670;Serviços;Sul;Não
2023-11-17;38281;3185;Vendas;Sul;Sim
2023-11-18;10250;21171;Vendas;Centro-Oeste;Sim
2023-11-19;17178;12482;Operacional;Nordeste;Não
2023-11-20;9490;11519;Operacional;Nordeste;Não
2023-11-21;43996;38403;Marketing;Sudeste;Não
2023-11-22;9453;19426;Serviços;Sul;Não
2023-11-23;49250;14435;Marketing;Centro-Oeste;Não
2023-11-24;20414;10204;Investimentos;Sul;Sim
2023-11-25;31461;4689;Marketing;Centro-Oeste;Não
2023-11-26;12856;11637;Serviços;Nordeste;Não
2023-11-27;42334;3973;Vendas;Sul;Não
2023-11-28;21135;26477;Marketing;Centro-Oeste;Não
2023-11-29;42940;18593;Marketing;Sudeste;Não
2023-11-30;43962;24218;Vendas;Sul;Não
2023-12-01;7604;4034;Marketing;Nordeste;Sim
2023-12-02;45591;14419;Vendas;Sul;Não
2023-12-03;10372;20391;Marketing;Sudeste;Sim
2023-12-04;32474;6434;Serviços;Nordeste;Não
2023-12-05;48081;11307;Vendas;Sul;Não
2023-12-06;43251;30588;Marketing;Nordeste;Sim
2023-12-07;42042;37477;Marketing;Norte;Sim
2023-12-08;39261;10448;Operacional;Norte;Não
2023-12-09;25733;7165;Marketing;Sul;Não
2023-12-10;22089;34211;Investimentos;Centro-Oeste;Não
2023-12-11;18386;32378;Operacional;Sudeste;Não
2023-12-12;48891;26726;Investimentos;Sul;Não
2023-12-13;25590;36635;Serviços;Centro-Oeste;Não
2023-12-14;20642;10146;Serviços;Norte;Não
2023-12-15;22407;32622;Investimentos;Nordeste;Não
2023-12-16;30938;36019;Vendas;Sudeste;Não
2023-12-17;13577;17519;Vendas;Sul;Não
2023-12-18;49019;5841;Marketing;Sul;Não
2023-12-19;47303;37173;Operacional;Norte;Não
2023-12-20;24660;22767;Vendas;Centro-Oeste;Não
2023-12-21;34964;33018;Operacional;Nordeste;Não
2023-12-22;25720;5041;Operacional;Norte;Não
2023-12-23;9754;6986;Marketing;Nordeste;Sim
2023-12-24;5610;34390;Marketing;Nordeste;Não
2023-12-25;35034;29320;Serviços;Sul;Não
2023-12-26;45708;30936;Vendas;Sudeste;Não
2023-12-27;41896;10075;Investimentos;Sudeste;Não
2023-12-28;11552;35130;Investimentos;Sul;Sim
2023-12-29;9801;32069;Operacional;Sul;Não
2023-12-30;40234;7816;Marketing;Nordeste;Não
2023-12-31;18969;8294;Serviços;Norte;Não
2024-01-01;38153;24109;Vendas;Nordeste;Sim
2024-01-02;22380;12721;Investimentos;Sul;Não
2024-01-03;13680;7304;Investimentos;Nordeste;Sim
2024-01-04;27872;11270;Operacional;Sul;Sim
2024-01-05;9508;21023;Operacional;Sul;Não
2024-01-06;21009;38937;Vendas;Norte;Não
2024-01-07;29217;24311;Marketing;Centro-Oeste;Não
2024-01-08;23676;27962;Serviços;Centro-Oeste;Não
2024-01-09;15338;37770;Marketing;Norte;Não
2024-01-10;33716;22326;Investimentos;Centro-Oeste;Sim
2024-01-11;40600;32734;Investimentos;Sudeste;Não
2024-01-12;24825;36131;Operacional;Nordeste;Não
2024-01-13;45086;31193;Marketing;Nordeste;Não
2024-01-14;47858;9499;Serviços;Sudeste;Não
2024-01-15;39664;10498;Marketing;Sul;Não
2024-01-16;5512;39132;Marketing;Centro-Oeste;Sim
2024-01-17;48769;17091;Investimentos;Sul;Não
2024-01-18;41346;31185;Investimentos;Nordeste;Não
2024-01-19;24620;32593;Serviços;Centro-Oeste;Não
2024-01-20;48475;17974;Investimentos;Sul;Sim
2024-01-21;11788;30119;Investimentos;Norte;Não
2024-01-22;13800;25212;Operacional;Norte;Não
2024-01-23;22332;32720;Vendas;Nordeste;Não
2024-01-24;12564;29131;Operacional;Norte;Não
2024-01-25;12014;30262;Investimentos;Nordeste;Não
2024-01-26;41256;9231;Vendas;Sudeste;Não
2024-01-27;15187;23483;Serviços;Norte;Não
2024-01-28;22848;30968;Operacional;Norte;Não
2024-01-29;23465;23481;Serviços;Sudeste;Não
2024-01-30;44638;19704;Investimentos;Sudeste;Não
2024-01-31;18803;27530;Operacional;Nordeste;Não
2024-02-01;27471;13003;Investimentos;Sudeste;Não
2024-02-02;18342;34081;Serviços;Sudeste;Não
2024-02-03;46565;7399;Vendas;Sul;Não
2024-02-04;22300;8978;Investimentos;Centro-Oeste;Não
2024-02-05;38122;8594;Serviços;Sul;Não
2024-02-06;37016;9109;Serviços;Sul;Não
2024-02-07;21457;31303;Marketing;Centro-Oeste;Não
2024-02-08;8329;9328;Vendas;Norte;Não
2024-02-09;11048;27421;Investimentos;Nordeste;Sim
2024-02-10;46568;11527;Vendas;Sudeste;Não
2024-02-11;32759;39462;Investimentos;Centro-Oeste;Não
2024-02-12;23132;6930;Investimentos;Centro-Oeste;Não
2024-02-13;7889;39804;Investimentos;Sudeste;Sim
2024-02-14;5232;39810;Serviços;Centro-Oeste;Não
2024-02-15;26859;24603;Serviços;Sul;Sim
2024-02-16;13573;11010;Serviços;Nordeste;Não
2024-02-17;46753;29922;Vendas;Norte;Não
2024-02-18;22167;26173;Investimentos;Nordeste;Não
2024-02-19;15589;30717;Serviços;Centro-Oeste;Não
2024-02-20;33956;6371;Investimentos;Centro-Oeste;Não
2024-02-21;41154;21850;Marketing;Norte;Não
2024-02-22;33028;23476;Vendas;Norte;Sim
2024-02-23;41759;26045;Serviços;Norte;Não
2024-02-24;5633;9789;Operacional;Sudeste;Não
2024-02-25;12331;36253;Vendas;Sul;Não
2024-02-26;9931;16942;Vendas;Centro-Oeste;Não
2024-02-27;14768;13140;Marketing;Norte;Não
2024-02-28;40755;34600;Investimentos;Nordeste;Não
2024-02-29;7361;17696;Operacional;Sul;Não
2024-03-01;29196;10092;Serviços;Sudeste;Não
2024-03-02;43175;25945;Serviços;Centro-Oeste;Não
2024-03-03;41210;39455;Marketing;Norte;Não
2024-03-04;14705;27088;Serviços;Sul;Não
2024-03-05;33166;10529;Marketing;Centro-Oeste;Sim
2024-03-06;13352;21256;Serviços;Sudeste;Não
2024-03-07;7741;17821;Vendas;Nordeste;Não
2024-03-08;25202;31122;Operacional;Sul;Não
2024-03-09;28897;39763;Operacional;Nordeste;Não
2024-03-10;7614;39486;Operacional;Nordeste;Não
2024-03-11;28449;4720;Marketing;Nordeste;Não
2024-03-12;18767;20527;Operacional;Norte;Sim
2024-03-13;49699;4897;Operacional;Norte;Não
2024-03-14;21353;14823;Serviços;Centro-Oeste;Sim
2024-03-15;48708;20909;Serviços;Nordeste;Não
2024-03-16;11736;23249;Serviços;Sudeste;Não
2024-03-17;28178;25270;Serviços;Centro-Oeste;Não
2024-03-18;41692;26004;Investimentos;Norte;Sim
2024-03-19;31632;3400;Operacional;Sul;Não
2024-03-20;45675;14888;Serviços;Norte;Não
2024-03-21;15128;12388;Serviços;Sul;Não
2024-03-22;20514;29265;Marketing;Sudeste;Não
2024-03-23;15649;7560;Investimentos;Centro-Oeste;Não
2024-03-24;16603;12297;Marketing;Sul;Sim
2024-03-25;32020;5009;Operacional;Nordeste;Não
2024-03-26;6624;9013;Operacional;Norte;Não
2024-03-27;16754;37765;Serviços;Nordeste;Não
2024-03-28;26770;17098;Serviços;Centro-Oeste;Não
2024-03-29;31982;27654;Serviços;Sudeste;Não
2024-03-30;48903;30514;Vendas;Sul;Não
2024-03-31;21263;32730;Marketing;Sudeste;Sim
2024-04-01;22485;25340;Operacional;Centro-Oeste;Não
2024-04-02;15433;13315;Vendas;Nordeste;Não
2024-04-03;12084;27251;Investimentos;Nordeste;Não
2024-04-04;30070;23423;Investimentos;Nordeste;Não
2024-04-05;7537;24258;Operacional;Sudeste;Não
2024-04-06;35847;8567;Serviços;Norte;Não
2024-04-07;19577;6447;Vendas;Centro-Oeste;Não
2024-04-08;18079;13196;Serviços;Centro-Oeste;Não
2024-04-09;35166;13316;Investimentos;Centro-Oeste;Não
2024-04-10;27915;6261;Serviços;Sudeste;Sim
2024-04-11;25000;8346;Investimentos;Norte;Não
2024-04-12;19915;20832;Marketing;Sudeste;Sim
2024-04-13;19609;32039;Serviços;Centro-Oeste;Não
2024-04-14;6550;30788;Operacional;Sudeste;Sim
2024-04-15;48255;34828;Investimentos;Norte;Não
2024-04-16;17656;31969;Operacional;Nordeste;Não
2024-04-17;31113;30143;Operacional;Norte;Não
2024-04-18;26512;20902;Investimentos;Norte;Sim
2024-04-19;23258;17127;Operacional;Norte;Não
2024-04-20;9549;36577;Serviços;Sul;Não
2024-04-21;23292;10459;Vendas;Nordeste;Não
2024-04-22;28012;25621;Investimentos;Sudeste;Não
2024-04-23;47040;31174;Vendas;Norte;Não
2024-04-24;38384;10267;Marketing;Centro-Oeste;Não
2024-04-25;31193;21562;Marketing;Nordeste;Não
2024-04-26;49532;34891;Marketing;Sul;Não
2024-04-27;40141;37533;Investimentos;Sudeste;Sim
2024-04-28;26702;23212;Marketing;Norte;Não
2024-04-29;6808;5976;Vendas;Centro-Oeste;Não
2024-04-30;12559;17451;Marketing;Centro-Oeste;Não
2024-05-01;22118;28903;Vendas;Sudeste;Não
2024-05-02;16702;6590;Vendas;Centro-Oeste;Não
2024-05-03;43049;3503;Vendas;Sudeste;Sim
2024-05-04;22397;16397;Operacional;Norte;Não
2024-05-05;7507;22753;Vendas;Sul;Não
2024-05-06;12104;16843;Vendas;Centro-Oeste;Não
2024-05-07;44096;11993;Serviços;Sul;Não
2024-05-08;33479;19745;Investimentos;Norte;Não
2024-05-09;27654;21969;Vendas;Norte;Não
2024-05-10;25557;24503;Operacional;Centro-Oeste;Não
2024-05-11;33599;10863;Marketing;Centro-Oeste;Não
2024-05-12;44728;3506;Marketing;Sudeste;Não
2024-05-13;38516;35596;Operacional;Norte;Não
2024-05-14;12578;31223;Vendas;Norte;Não
2024-05-15;30244;14514;Investimentos;Sul;Não
2024-05-16;42787;11466;Investimentos;Sul;Sim
2024-05-17;17457;27917;Vendas;Sudeste;Sim
2024-05-18;21693;37903;Operacional;Sudeste;Não
2024-05-19;7908;18080;Investimentos;Sudeste;Não
2024-05-20;33577;35785;Serviços;Nordeste;Não
2024-05-21;5110;39616;Investimentos;Sul;Não
2024-05-22;39073;26210;Operacional;Centro-Oeste;Sim
2024-05-23;40287;7723;Investimentos;Centro-Oeste;Não
2024-05-24;48950;29022;Marketing;Norte;Não
2024-05-25;17912;5772;Vendas;Centro-Oeste;Não
2024-05-26;28869;31588;Marketing;Sul;Não
2024-05-27;33265;4228;Investimentos;Sul;Não
2024-05-28;9585;33130;Serviços;Centro-Oeste;Não
2024-05-29;48531;8102;Operacional;Nordeste;Não
2024-05-30;26639;23516;Serviços;Sudeste;Não
2024-05-31;45839;31133;Serviços;Sul;Não
2024-06-01;25572;29504;Operacional;Norte;Não
2024-06-02;48475;30373;Vendas;Centro-Oeste;Não
2024-06-03;13167;21973;Marketing;Nordeste;Não
2024-06-04;24681;10548;Investimentos;Nordeste;Não
2024-06-05;38234;29544;Serviços;Nordeste;Não
2024-06-06;25269;4366;Operacional;Sul;Não
2024-06-07;48705;24284;Serviços;Nordeste;Não
2024-06-08;31764;14263;Marketing;Sudeste;Não
2024-06-09;26376;33152;Vendas;Sudeste;Não
2024-06-10;31371;26714;Marketing;Sul;Não
2024-06-11;24376;8775;Operacional;Sudeste;Não
2024-06-12;41333;31620;Vendas;Nordeste;Não
2024-06-13;13341;9937;Investimentos;Nordeste;Não
2024-06-14;17572;18945;Serviços;Sul;Não
2024-06-15;32554;31552;Investimentos;Sul;Não
2024-06-16;48576;29243;Operacional;Nordeste;Não
2024-06-17;29847;37338;Operacional;Sul;Não
2024-06-18;49388;8154;Vendas;Sul;Não
2024-06-19;16405;28936;Marketing;Norte;Não
2024-06-20;45338;23334;Operacional;Centro-Oeste;Não
2024-06-21;42296;25250;Serviços;Sudeste;Não
2024-06-22;24723;17520;Marketing;Centro-Oeste;Não
2024-06-23;31612;24827;Marketing;Centro-Oeste;Sim
2024-06-24;40909;14018;Marketing;Centro-Oeste;Não
2024-06-25;5026;8005;Marketing;Nordeste;Não
2024-06-26;24914;36455;Serviços;Norte;Não
2024-06-27;23803;10472;Marketing;Sul;Sim
2024-06-28;18774;37773;Operacional;Norte;Não
2024-06-29;33173;36420;Investimentos;Sul;Não
2024-06-30;43009;15707;Serviços;Centro-Oeste;Sim
2024-07-01;44758;25896;Marketing;Sul;Não
2024-07-02;47906;26009;Operacional;Centro-Oeste;Não
2024-07-03;26118;12679;Serviços;Centro-Oeste;Não
2024-07-04;35473;18484;Investimentos;Norte;Não
2024-07-05;33952;9737;Operacional;Sudeste;Não
2024-07-06;33977;12597;Vendas;Nordeste;Não
2024-07-07;49277;19775;Marketing;Norte;Não
2024-07-08;19005;15928;Vendas;Norte;Não
2024-07-09;38500;14370;Serviços;Norte;Não
2024-07-10;36010;13018;Vendas;Nordeste;Sim
2024-07-11;16120;7938;Marketing;Norte;Sim
2024-07-12;48178;14609;Marketing;Nordeste;Não
2024-07-13;10557;35382;Marketing;Centro-Oeste;Não
2024-07-14;23598;33405;Serviços;Nordeste;Sim
2024-07-15;38780;39944;Investimentos;Sudeste;Não
2024-07-16;48506;32419;Investimentos;Sul;Não
2024-07-17;46480;39994;Marketing;Nordeste;Não
2024-07-18;45583;24181;Operacional;Centro-Oeste;Não
2024-07-19;26966;23718;Investimentos;Centro-Oeste;Não
2024-07-20;11120;12893;Serviços;Sudeste;Não
2024-07-21;20392;31820;Operacional;Centro-Oeste;Não
2024-07-22;49092;7475;Operacional;Centro-Oeste;Não
2024-07-23;25343;33731;Operacional;Nordeste;Não
2024-07-24;19722;31980;Vendas;Sudeste;Sim
2024-07-25;18050;22845;Operacional;Nordeste;Não
2024-07-26;14656;21001;Serviços;Sudeste;Não
2024-07-27;6600;6681;Vendas;Norte;Não
2024-07-28;8028;26064;Serviços;Norte;Não
2024-07-29;21046;36248;Vendas;Norte;Sim
2024-07-30;36138;7862;Operacional;Sudeste;Não
2024-07-31;45060;23342;Operacional;Sul;Não
2024-08-01;9772;33260;Investimentos;Nordeste;Não
2024-08-02;34846;32616;Marketing;Nordeste;Sim
2024-08-03;32160;5464;Serviços;Nordeste;Não
2024-08-04;46272;6728;Operacional;Nordeste;Não
2024-08-05;42727;27165;Operacional;Sul;Não
2024-08-06;17742;21813;Investimentos;Centro-Oeste;Não
2024-08-07;30164;8028;Serviços;Sudeste;Sim
2024-08-08;37399;8917;Investimentos;Sudeste;Não
2024-08-09;31191;36231;Serviços;Sul;Não
2024-08-10;20989;28197;Vendas;Centro-Oeste;Sim
2024-08-11;14671;33324;Investimentos;Norte;Não
2024-08-12;47995;39327;Serviços;Norte;Não
2024-08-13;5363;5688;Operacional;Sudeste;Sim
2024-08-14;11985;32473;Serviços;Nordeste;Não
2024-08-15;32862;15336;Serviços;Sul;Não
2024-08-16;19341;24071;Vendas;Sudeste;Sim
2024-08-17;16526;34170;Serviços;Sul;Não
2024-08-18;38944;35857;Serviços;Sul;Não
2024-08-19;35444;12886;Operacional;Nordeste;Não
2024-08-20;8291;7054;Vendas;Sudeste;Não
2024-08-21;41530;32525;Serviços;Sudeste;Sim
2024-08-22;21331;9783;Serviços;Centro-Oeste;Não
2024-08-23;12953;25507;Vendas;Nordeste;Não
2024-08-24;34914;8526;Marketing;Nordeste;Não
2024-08-25;13738;36066;Investimentos;Centro-Oeste;Não
2024-08-26;35450;14308;Operacional;Sul;Não
2024-08-27;48750;5565;Vendas;Centro-Oeste;Não
2024-08-28;39808;19236;Vendas;Norte;Não
2024-08-29;41629;31688;Investimentos;Sudeste;Não
2024-08-30;44023;31797;Investimentos;Sudeste;Não
2024-08-31;25794;37345;Investimentos;Sudeste;Não
2024-09-01;34004;37258;Vendas;Centro-Oeste;Não
2024-09-02;45150;13403;Vendas;Centro-Oeste;Não
2024-09-03;38081;26848;Investimentos;Nordeste;Não
2024-09-04;32966;27435;Investimentos;Sul;Não
2024-09-05;40905;21539;Operacional;Centro-Oeste;Sim
2024-09-06;34223;28389;Marketing;Nordeste;Não
2024-09-07;15430;29789;Vendas;Nordeste;Não
2024-09-08;36108;25175;Investimentos;Nordeste;Não
2024-09-09;34495;6431;Operacional;Nordeste;Sim
2024-09-10;21986;24931;Operacional;Sul;Não
2024-09-11;21203;7319;Investimentos;Sudeste;Sim
2024-09-12;46789;24606;Marketing;Sul;Não
2024-09-13;23173;9193;Serviços;Norte;Não
2024-09-14;39163;39566;Investimentos;Centro-Oeste;Não
2024-09-15;36758;28333;Operacional;Nordeste;Não
2024-09-16;46074;21621;Vendas;Norte;Não
2024-09-17;20679;19514;Serviços;Sudeste;Não
2024-09-18;22996;12854;Serviços;Sudeste;Não
2024-09-19;33827;24847;Vendas;Centro-Oeste;Sim
2024-09-20;10077;8341;Vendas;Nordeste;Sim
2024-09-21;23725;12268;Serviços;Norte;Sim
2024-09-22;20367;25925;Serviços;Norte;Não
2024-09-23;22807;23331;Operacional;Centro-Oeste;Não
2024-09-24;27010;28687;Serviços;Nordeste;Não
2024-09-25;25952;11450;Marketing;Sudeste;Sim
2024-09-26;40399;8552;Operacional;Centro-Oeste;Não
2024-09-27;10280;23288;Investimentos;Sul;Não
2024-09-28;14068;39629;Operacional;Centro-Oeste;Não
2024-09-29;14884;27686;Investimentos;Sudeste;Não
2024-09-30;20155;24527;Vendas;Sudeste;Não
2024-10-01;30102;11375;Vendas;Nordeste;Não
2024-10-02;15014;37497;Serviços;Sul;Não
2024-10-03;19021;9124;Marketing;Sul;Não
2024-10-04;9209;30748;Serviços;Sul;Não
2024-10-05;32188;36324;Marketing;Centro-Oeste;Não
2024-10-06;31712;26712;Investimentos;Sudeste;Não
2024-10-07;26684;4194;Investimentos;Nordeste;Não
2024-10-08;40560;26763;Marketing;Nordeste;Não
2024-10-09;35534;23241;Operacional;Norte;Não
2024-10-10;32248;14813;Investimentos;Sul;Não
2024-10-11;9080;17037;Serviços;Centro-Oeste;Não
2024-10-12;18555;25395;Operacional;Nordeste;Não
2024-10-13;32534;34868;Operacional;Centro-Oeste;Não
2024-10-14;30524;15583;Investimentos;Sul;Não
2024-10-15;43278;17846;Vendas;Sul;Sim
2024-10-16;6280;12015;Serviços;Centro-Oeste;Não
2024-10-17;42728;13154;Serviços;Sudeste;Não
2024-10-18;29928;8057;Operacional;Sudeste;Não
2024-10-19;36259;22385;Operacional;Sudeste;Não
2024-10-20;5386;9628;Marketing;Sul;Não
2024-10-21;28052;36271;Operacional;Nordeste;Não
2024-10-22;24569;38374;Serviços;Nordeste;Não
2024-10-23;30558;37506;Serviços;Sudeste;Não
2024-10-24;32460;5473;Operacional;Centro-Oeste;Não
2024-10-25;40272;25070;Serviços;Sudeste;Não
2024-10-26;40791;11588;Marketing;Nordeste;Sim
2024-10-27;44534;27688;Vendas;Centro-Oeste;Não
2024-10-28;19453;13109;Marketing;Centro-Oeste;Não
2024-10-29;36996;13633;Vendas;Norte;Não
2024-10-30;19380;14851;Operacional;Norte;Não
2024-10-31;22887;13848;Vendas;Sul;Não
2024-11-01;33562;31683;Operacional;Centro-Oeste;Não
2024-11-02;36827;5863;Marketing;Sul;Não
2024-11-03;6902;29926;Serviços;Centro-Oeste;Não
2024-11-04;30484;26874;Operacional;Norte;Não
2024-11-05;27028;18566;Marketing;Norte;Não
2024-11-06;48835;32111;Vendas;Sul;Não
2024-11-07;49508;21673;Marketing;Centro-Oeste;Não
2024-11-08;31497;32420;Operacional;Centro-Oeste;Sim
2024-11-09;15816;18335;Operacional;Sudeste;Não
2024-11-10;35630;37996;Vendas;Norte;Sim
2024-11-11;13364;18674;Serviços;Sudeste;Não
2024-11-12;45780;23281;Serviços;Nordeste;Não
2024-11-13;40004;33737;Vendas;Sudeste;Não
2024-11-14;6767;15715;Investimentos;Sudeste;Não
2024-11-15;30822;27106;Serviços;Sudeste;Não
2024-11-16;43790;31874;Investimentos;Norte;Não
2024-11-17;41987;33256;Investimentos;Sudeste;Sim
2024-11-18;48450;21466;Investimentos;Norte;Não
2024-11-19;6776;28026;Investimentos;Norte;Não
2024-11-20;10501;35958;Marketing;Nordeste;Sim
2024-11-21;47123;37567;Marketing;Sudeste;Não
2024-11-22;33089;30437;Investimentos;Nordeste;Não
2024-11-23;13893;13620;Vendas;Norte;Não
2024-11-24;35257;16087;Marketing;Centro-Oeste;Sim
2024-11-25;16909;12070;Operacional;Nordeste;Não
2024-11-26;8295;19384;Marketing;Sul;Sim
2024-11-27;22049;6419;Investimentos;Centro-Oeste;Não
2024-11-28;29844;34495;Marketing;Norte;Não
2024-11-29;26453;27327;Vendas;Sul;Não
2024-11-30;18871;39342;Serviços;Sul;Não
2024-12-01;34799;9723;Operacional;Norte;Não
2024-12-02;26420;36810;Vendas;Centro-Oeste;Sim
2024-12-03;27118;11170;Operacional;Centro-Oeste;Não
2024-12-04;29846;21681;Investimentos;Centro-Oeste;Sim
2024-12-05;23235;8496;Operacional;Centro-Oeste;Sim
2024-12-06;32627;13506;Operacional;Norte;Não
2024-12-07;21532;20877;Marketing;Centro-Oeste;Não
2024-12-08;10367;32446;Serviços;Sul;Não
2024-12-09;35822;36643;Operacional;Sudeste;Não
2024-12-10;6270;12656;Vendas;Sudeste;Não
2024-12-11;40351;31670;Vendas;Sul;Não
2024-12-12;8413;9010;Serviços;Centro-Oeste;Não
2024-12-13;27935;17551;Operacional;Norte;Sim
2024-12-14;19694;32565;Investimentos;Norte;Não
2024-12-15;47607;25910;Operacional;Sul;Não
2024-12-16;9496;4747;Serviços;Nordeste;Não
2024-12-17;47713;30190;Serviços;Sudeste;Não
2024-12-18;7638;6490;Investimentos;Nordeste;Não
2024-12-19;7033;28982;Operacional;Norte;Não
2024-12-20;21205;35899;Operacional;Centro-Oeste;Não
2024-12-21;18065;27507;Vendas;Nordeste;Não
2024-12-22;6335;18451;Marketing;Norte;Não
2024-12-23;45719;28307;Investimentos;Norte;Não
2024-12-24;14986;8348;Serviços;Sudeste;Não
2024-12-25;20633;27570;Marketing;Centro-Oeste;Não
2024-12-26;13272;17715;Vendas;Centro-Oeste;Sim
2024-12-27;36035;4847;Marketing;Centro-Oeste;Não
2024-12-28;48873;23885;Operacional;Centro-Oeste;Não
2024-12-29;12496;9493;Serviços;Sul;Sim
2024-12-30;41960;24973;Serviços;Norte;Sim
2024-12-31;19284;12571;Operacional;Sudeste;Não
2025-01-01;35476;12017;Investimentos;Centro-Oeste;Não
2025-01-02;21793;5510;Serviços;Sul;Sim
2025-01-03;29175;21800;Vendas;Norte;Não
2025-01-04;15996;33962;Operacional;Sudeste;Não
2025-01-05;44707;12095;Investimentos;Sudeste;Não
2025-01-06;44796;33743;Vendas;Norte;Não
2025-01-07;12506;32399;Vendas;Nordeste;Não
2025-01-08;15732;3344;Operacional;Sudeste;Não
2025-01-09;25384;8192;Vendas;Nordeste;Não
2025-01-10;12084;4245;Serviços;Norte;Não
2025-01-11;42924;19772;Vendas;Centro-Oeste;Não
2025-01-12;6682;17133;Marketing;Norte;Não
2025-01-13;25444;12798;Marketing;Sul;Não
2025-01-14;42735;38966;Operacional;Sul;Sim
2025-01-15;49390;37588;Investimentos;Nordeste;Não
2025-01-16;29596;30738;Investimentos;Sul;Não
2025-01-17;30995;10286;Serviços;Sul;Não
2025-01-18;17997;21881;Investimentos;Sul;Não
2025-01-19;9980;18573;Investimentos;Centro-Oeste;Não
2025-01-20;43803;22736;Operacional;Norte;Não
2025-01-21;46106;10985;Operacional;Norte;Não
2025-01-22;20915;6129;Vendas;Sudeste;Sim
2025-01-23;11678;18626;Operacional;Norte;Não
2025-01-24;24764;30513;Serviços;Norte;Não
2025-01-25;49843;32957;Operacional;Centro-Oeste;Não
2025-01-26;44348;7116;Marketing;Norte;Não
2025-01-27;12933;10265;Investimentos;Nordeste;Não
2025-01-28;42088;35756;Investimentos;Sul;Não
2025-01-29;7691;38130;Vendas;Nordeste;Não
2025-01-30;27754;4077;Serviços;Sul;Não
2025-01-31;39913;36775;Serviços;Norte;Não
2025-02-01;33074;18855;Operacional;Centro-Oeste;Sim
2025-02-02;48353;12409;Operacional;Norte;Sim
2025-02-03;29285;22088;Investimentos;Centro-Oeste;Sim
2025-02-04;9519;31130;Operacional;Sul;Sim
2025-02-05;38158;3102;Investimentos;Sul;Não
2025-02-06;47437;26122;Serviços;Centro-Oeste;Não
2025-02-07;27362;18765;Vendas;Sudeste;Não
2025-02-08;5829;30300;Vendas;Centro-Oeste;Não
2025-02-09;32528;15275;Operacional;Sul;Não
2025-02-10;37125;8610;Investimentos;Nordeste;Sim
2025-02-11;11916;37307;Marketing;Sul;Não
2025-02-12;33411;26632;Serviços;Centro-Oeste;Sim
2025-02-13;28736;7435;Serviços;Sul;Não
2025-02-14;46653;37475;Serviços;Sul;Não
2025-02-15;35129;38656;Vendas;Sudeste;Sim
2025-02-16;15026;36248;Serviços;Sudeste;Não
2025-02-17;33540;36267;Investimentos;Nordeste;Sim
2025-02-18;16543;39316;Vendas;Centro-Oeste;Sim
2025-02-19;39193;4332;Operacional;Norte;Sim
2025-02-20;47628;28588;Marketing;Centro-Oeste;Não
2025-02-21;22700;33810;Marketing;Sudeste;Não
2025-02-22;45364;5853;Investimentos;Sul;Não
2025-02-23;40269;28354;Operacional;Centro-Oeste;Não
2025-02-24;36686;27464;Serviços;Nordeste;Não
2025-02-25;35465;19623;Serviços;Norte;Não
2025-02-26;33545;4064;Vendas;Norte;Sim
2025-02-27;43828;26402;Serviços;Norte;Sim
2025-02-28;22589;7427;Vendas;Centro-Oeste;Não
2025-03-01;26122;25596;Serviços;Centro-Oeste;Sim
2025-03-02;21088;18802;Investimentos;Sudeste;Não
2025-03-03;10679;9793;Investimentos;Sul;Não
2025-03-04;23279;24791;Investimentos;Norte;Não
2025-03-05;34543;11743;Investimentos;Sul;Sim
2025-03-06;20981;5905;Investimentos;Sudeste;Não
2025-03-07;35455;26088;Marketing;Sul;Não
2025-03-08;42345;38783;Marketing;Centro-Oeste;Não
2025-03-09;44998;25187;Vendas;Sudeste;Sim
2025-03-10;48790;14474;Vendas;Nordeste;Não
2025-03-11;29837;33449;Serviços;Norte;Não
2025-03-12;27046;34361;Vendas;Sudeste;Não
2025-03-13;6880;14945;Marketing;Sudeste;Não
2025-03-14;37394;11837;Operacional;Sudeste;Não
2025-03-15;26300;7135;Marketing;Nordeste;Não
2025-03-16;16917;32994;Marketing;Sul;Sim
2025-03-17;36952;5423;Investimentos;Centro-Oeste;Não
2025-03-18;18901;22231;Vendas;Norte;Sim
2025-03-19;28253;16211;Serviços;Sudeste;Não
2025-03-20;21931;5870;Investimentos;Sudeste;Não
2025-03-21;27304;16072;Operacional;Norte;Não
2025-03-22;23327;5746;Investimentos;Norte;Não
2025-03-23;44069;23682;Investimentos;Sul;Não
2025-03-24;23105;23321;Operacional;Nordeste;Sim
2025-03-25;41424;36776;Investimentos;Sudeste;Não
2025-03-26;5665;29098;Vendas;Sudeste;Não
2025-03-27;38857;38588;Investimentos;Nordeste;Não
2025-03-28;17521;34024;Operacional;Sul;Sim
2025-03-29;10610;19601;Serviços;Nordeste;Não
2025-03-30;20817;5399;Vendas;Nordeste;Não
2025-03-31;31635;15524;Serviços;Norte;Não
2025-04-01;37019;21750;Serviços;Centro-Oeste;Sim
2025-04-02;41384;26394;Operacional;Centro-Oeste;Não
2025-04-03;20749;6132;Investimentos;Sudeste;Não
2025-04-04;36201;24753;Operacional;Sul;Não
2025-04-05;47329;20905;Investimentos;Centro-Oeste;Não
2025-04-06;37166;11157;Investimentos;Centro-Oeste;Sim
2025-04-07;34371;27118;Investimentos;Sudeste;Não
2025-04-08;6130;31636;Serviços;Norte;Não
2025-04-09;11098;29215;Investimentos;Norte;Não
2025-04-10;24283;31818;Marketing;Sul;Não
2025-04-11;19522;28339;Investimentos;Sudeste;Não
2025-04-12;31502;25219;Operacional;Sudeste;Não
2025-04-13;20945;15243;Operacional;Norte;Não
2025-04-14;25067;35519;Investimentos;Sudeste;Não
2025-04-15;48513;35605;Serviços;Centro-Oeste;Sim
2025-04-16;43112;27074;Investimentos;Centro-Oeste;Não
2025-04-17;29184;37031;Operacional;Centro-Oeste;Não
2025-04-18;36015;20479;Operacional;Sul;Não
2025-04-19;41272;8414;Serviços;Sul;Não
2025-04-20;39794;30820;Marketing;Sul;Não
2025-04-21;27528;8172;Vendas;Sudeste;Não
2025-04-22;32885;31220;Serviços;Sudeste;Não
2025-04-23;41070;14826;Marketing;Sul;Sim
2025-04-24;26678;38748;Vendas;Sudeste;Não
2025-04-25;28056;22252;Marketing;Centro-Oeste;Sim
2025-04-26;34736;24050;Vendas;Centro-Oeste;Não
2025-04-27;22754;9723;Marketing;Sudeste;Sim
2025-04-28;25094;8247;Serviços;Centro-Oeste;Não
2025-04-29;21475;24490;Operacional;Norte;Não
2025-04-30;20108;22375;Operacional;Sul;Não
2025-05-01;12907;23086;Marketing;Norte;Não
2025-05-02;17621;32223;Operacional;Sudeste;Não
2025-05-03;25679;30925;Investimentos;Centro-Oeste;Não
2025-05-04;12835;13921;Operacional;Sul;Não
2025-05-05;40118;32091;Operacional;Sul;Sim
2025-05-06;17133;26038;Marketing;Nordeste;Não
2025-05-07;17552;32303;Marketing;Sudeste;Não
2025-05-08;19180;5775;Investimentos;Sudeste;Não
2025-05-09;36732;26105;Investimentos;Centro-Oeste;Sim
2025-05-10;23120;31504;Investimentos;Sul;Não
2025-05-11;43639;20993;Vendas;Sul;Não
2025-05-12;39382;6759;Marketing;Centro-Oeste;Não
2025-05-13;44111;7917;Serviços;Sul;Não
2025-05-14;23546;29621;Investimentos;Centro-Oeste;Não
2025-05-15;11588;26809;Marketing;Sul;Não
2025-05-16;17721;36625;Investimentos;Sul;Não
2025-05-17;24414;13484;Marketing;Norte;Não
2025-05-18;19908;5040;Marketing;Sudeste;Não
2025-05-19;28650;12357;Vendas;Sudeste;Não
2025-05-20;16759;31716;Operacional;Sul;Não
2025-05-21;24809;5280;Investimentos;Norte;Sim
2025-05-22;5927;11272;Vendas;Sudeste;Não
2025-05-23;40005;7406;Serviços;Centro-Oeste;Não
2025-05-24;13295;18466;Operacional;Centro-Oeste;Não
2025-05-25;22977;27007;Operacional;Centro-Oeste;Não
2025-05-26;7982;26733;Vendas;Norte;Não
2025-05-27;8573;28090;Vendas;Sul;Não
2025-05-28;41264;5122;Serviços;Nordeste;Não
2025-05-29;24145;13055;Serviços;Nordeste;Não
2025-05-30;13275;32486;Marketing;Nordeste;Não
2025-05-31;46803;27311;Serviços;Centro-Oeste;Não
2025-06-01;37170;27380;Vendas;Centro-Oeste;Não
2025-06-02;11723;32094;Operacional;Nordeste;Não
2025-06-03;5803;8038;Operacional;Sudeste;Não
2025-06-04;42621;12023;Serviços;Norte;Sim
2025-06-05;23634;37698;Vendas;Centro-Oeste;Não
2025-06-06;35762;27048;Operacional;Centro-Oeste;Não
2025-06-07;36373;29085;Operacional;Norte;Sim
2025-06-08;33866;23603;Investimentos;Centro-Oeste;Não
2025-06-09;27328;21264;Operacional;Nordeste;Não
2025-06-10;17082;19358;Operacional;Sudeste;Sim
2025-06-11;8367;10434;Marketing;Sul;Não
2025-06-12;21546;4698;Investimentos;Norte;Não
2025-06-13;36308;15192;Investimentos;Centro-Oeste;Não
2025-06-14;12476;35705;Investimentos;Norte;Sim
2025-06-15;9282;36930;Marketing;Centro-Oeste;Não
2025-06-16;31260;28361;Marketing;Sudeste;Sim
2025-06-17;37227;39809;Vendas;Sul;Não
2025-06-18;9855;10717;Marketing;Sudeste;Sim
2025-06-19;42815;20155;Operacional;Sul;Sim
2025-06-20;46251;20058;Operacional;Sudeste;Sim
2025-06-21;49987;32246;Marketing;Centro-Oeste;Sim
2025-06-22;8513;17062;Operacional;Sul;Sim
2025-06-23;14943;21715;Serviços;Centro-Oeste;Não
2025-06-24;14777;35191;Marketing;Nordeste;Não
2025-06-25;41886;16118;Marketing;Sudeste;Não
2025-06-26;24912;11037;Investimentos;Sudeste;Não
2025-06-27;10582;11895;Serviços;Sudeste;Não
2025-06-28;21265;7853;Serviços;Nordeste;Sim
2025-06-29;12762;32625;Investimentos;Sul;Não
2025-06-30;41573;14315;Vendas;Centro-Oeste;Não
2025-07-01;32274;32170;Marketing;Sul;Sim
2025-07-02;44735;8753;Operacional;Nordeste;Não
2025-07-03;44067;23944;Marketing;Centro-Oeste;Não
2025-07-04;45528;25768;Operacional;Norte;Não
2025-07-05;19790;7255;Vendas;Sul;Não
2025-07-06;39247;39044;Operacional;Norte;Não
2025-07-07;29928;38531;Marketing;Nordeste;Não
2025-07-08;34524;22029;Vendas;Sul;Não
2025-07-09;34014;22657;Marketing;Sul;Não
2025-07-10;24487;13322;Vendas;Centro-Oeste;Não
2025-07-11;43569;14409;Investimentos;Nordeste;Não
2025-07-12;33103;26690;Marketing;Norte;Não
2025-07-13;25013;36341;Investimentos;Sudeste;Sim
2025-07-14;42265;17695;Marketing;Centro-Oeste;Não
2025-07-15;45699;10953;Marketing;Sudeste;Não
2025-07-16;8947;16171;Marketing;Sul;Não
2025-07-17;44952;12101;Serviços;Centro-Oeste;Não
2025-07-18;11503;18514;Marketing;Nordeste;Sim
2025-07-19;18617;35376;Marketing;Norte;Não
2025-07-20;45993;4722;Vendas;Norte;Não
2025-07-21;18829;26651;Serviços;Sudeste;Sim
2025-07-22;22343;39308;Vendas;Nordeste;Não
2025-07-23;48281;27176;Operacional;Sudeste;Não
2025-07-24;10320;33631;Operacional;Norte;Sim
2025-07-25;15292;39152;Vendas;Nordeste;Não
2025-07-26;20719;11504;Operacional;Sul;Não
2025-07-27;16391;8650;Operacional;Norte;Não
2025-07-28;41175;7308;Operacional;Sul;Não
2025-07-29;9919;23269;Investimentos;Sul;Não
2025-07-30;15258;29093;Vendas;Norte;Não
2025-07-31;5175;34369;Vendas;Sudeste;Não
2025-08-01;31772;37451;Serviços;Centro-Oeste;Não
2025-08-02;34524;29921;Vendas;Centro-Oeste;Não
2025-08-03;43916;29832;Investimentos;Centro-Oeste;Não
2025-08-04;35796;7833;Investimentos;Sudeste;Não
2025-08-05;24087;11213;Investimentos;Norte;Sim
2025-08-06;7139;23776;Vendas;Sul;Não
2025-08-07;20170;7860;Serviços;Centro-Oeste;Não
2025-08-08;23881;32489;Vendas;Centro-Oeste;Não
2025-08-09;23528;33528;Marketing;Centro-Oeste;Não
2025-08-10;34755;36905;Operacional;Sudeste;Não
2025-08-11;9664;25578;Investimentos;Sul;Não
2025-08-12;20297;11410;Serviços;Sudeste;Não
2025-08-13;22337;39130;Vendas;Sul;Não
2025-08-14;45963;14925;Marketing;Norte;Não
2025-08-15;43652;11456;Vendas;Sudeste;Não
2025-08-16;48331;31352;Serviços;Norte;Não
2025-08-17;17964;35955;Serviços;Sul;Não
2025-08-18;32861;6631;Serviços;Sul;Não
2025-08-19;12521;11137;Marketing;Nordeste;Não
2025-08-20;40688;36954;Marketing;Sudeste;Não
2025-08-21;19733;13028;Operacional;Centro-Oeste;Não
2025-08-22;47443;22931;Operacional;Sul;Não
2025-08-23;14764;13790;Vendas;Sul;Não
2025-08-24;22408;13614;Investimentos;Nordeste;Não
2025-08-25;14321;24145;Operacional;Nordeste;Não
2025-08-26;9679;17776;Vendas;Nordeste;Não
2025-08-27;8908;25676;Serviços;Nordeste;Não
2025-08-28;15873;37006;Serviços;Sudeste;Não
2025-08-29;25159;21615;Operacional;Norte;Sim
2025-08-30;43996;8168;Marketing;Sul;Sim
2025-08-31;42303;19423;Operacional;Sudeste;Não
2025-09-01;23914;15864;Investimentos;Centro-Oeste;Sim
2025-09-02;33780;39099;Serviços;Sudeste;Sim
2025-09-03;13149;20986;Marketing;Centro-Oeste;Não
2025-09-04;35716;11203;Vendas;Nordeste;Sim
2025-09-05;24928;22845;Vendas;Sul;Não
2025-09-06;31378;37962;Operacional;Centro-Oeste;Não
2025-09-07;22841;9122;Serviços;Nordeste;Não
2025-09-08;37798;35936;Investimentos;Nordeste;Não
2025-09-09;40388;14051;Operacional;Sul;Não
2025-09-10;37361;13105;Serviços;Sul;Não
2025-09-11;33688;14219;Operacional;Sudeste;Não
2025-09-12;10271;25126;Serviços;Norte;Não
2025-09-13;44192;39937;Operacional;Sul;Não
2025-09-14;7612;5699;Operacional;Sudeste;Não
2025-09-15;33313;4859;Serviços;Norte;Sim
2025-09-16;26123;8323;Marketing;Centro-Oeste;Não
2025-09-17;44564;5979;Vendas;Sul;Sim
2025-09-18;21408;20344;Marketing;Sul;Não
2025-09-19;6695;16815;Marketing;Sul;Não
2025-09-20;10985;30301;Serviços;Centro-Oeste;Não
2025-09-21;20002;4984;Operacional;Centro-Oeste;Não
2025-09-22;49190;35639;Vendas;Sudeste;Não
2025-09-23;42696;38754;Serviços;Sul;Não
2025-09-24;43477;21983;Operacional;Sul;Não
2025-09-25;6359;22798;Operacional;Sudeste;Não
2025-09-26;49058;34650;Operacional;Centro-Oeste;Sim
